Workbook

Sheet Baca Dulu
B1: Checklist UAT ACS — Pengujian Langsung ke CPE (ONT)
B2: Disusun 21 Okt 2026 untuk sesi uji pukul 10.00 WIB · ACS multi-vendor TR-069/CWMP · perangkat uji: ZTE F609 (Telkom), web admin 10.0.133.35
B4: 1. Cara memakai workbook ini
B5: Urutan | C5: Kerjakan sheet 'Test Case' dari atas ke bawah (Fase A → H). Jangan lompat: bila satu test case P0 gagal, hentikan fase berikutnya dan catat di sheet 'Temuan'.
B6: Kolom Status | C6: Pilih dari dropdown: Belum · Lulus · Gagal · Blok (tak bisa dijalankan karena prasyarat gagal) · Skip (sengaja dilewati) · N/A. Warna berubah otomatis; sheet 'Ringkasan' menghitung sendiri.
B7: Kolom Peran | C7: SE = Software Engineer (verifikasi Console/API/log/DB). NE = Network Engineer (konfigurasi ONT, jaringan, firewall, capture). SE+NE = dikerjakan berdua.
B8: Prioritas | C8: P0 = wajib lulus, penentu lanjut/berhenti. P1 = penting. P2 = tambahan bila waktu cukup.
B9: Dampak ke ONT | C9: 'Tidak ada' = hanya membaca. 'Ringan' = mengubah nilai kecil yang bisa dikembalikan. 'Putus layanan' = ONT/Internet terputus sementara. Tes ber-dampak HANYA dijalankan bila pemilik ONT setuju.
B10: Bukti | C10: Isi kolom 'Bukti' dengan nama file screenshot/log (mis. INF-03.png). Simpan semua bukti di satu folder sesi.
B11: Bila ada yang aneh | C11: Cek dulu sheet 'Batasan Diketahui' — bisa jadi itu perilaku yang sudah diketahui, bukan bug baru. Bila bukan, catat di 'Temuan' (tersedia 1 baris CONTOH).
B12: Sel berwarna kuning / teks biru | C12: Sel input yang diisi manual. Sel lain jangan diubah.
B14: 2. Kesiapan sistem — diverifikasi hari ini (21 Okt 2026, ±09.00–09.25 WIB)
B15: Pemeriksaan | C15: Hasil | D15: Keterangan
B16: Docker Desktop & stack | C16: SIAP | D16: Docker Desktop awalnya MATI; sudah dinyalakan. mariadb, redis, minio, acsd berjalan dan sehat.
B17: Image acsd & migrate | C17: SIAP | D17: Diperbarui: image lama (dibangun sebelum commit HEAD da8639d) dibangun ulang dari kode terbaru, lalu acsd di-recreate.
B18: Migrasi database | C18: SIAP | D18: Versi skema 34 (0034), tidak dirty = sama dengan migrasi terbaru di repo.
B19: go build / go vet | C19: LULUS | D19: Tanpa error.
B20: go test -race seluruh paket | C20: LULUS | D20: 36 paket ok, termasuk tes integrasi MariaDB & Redis nyata (dijalankan di DB sementara agar DB UAT tetap bersih).
B21: Suite e2e (simulator CPE) | C21: 26 LULUS · 1 SKIP | D21: S1–S27: onboarding 5 vendor, provisioning, reboot, Fault 9005, Connection Request Digest + UDP, firmware, preset, MFA, profil HG6145F. 1 SKIP = SMTP tidak diset di stack e2e (wajar).
B22: Frontend: tsc / vitest | C22: LULUS | D22: TypeScript bersih; 83 tes vitest lulus; oxlint hanya 5 peringatan gaya (fast-refresh), bukan error.
B23: Endpoint hidup | C23: SIAP | D23: GET /readyz = 200 (database ok, redis ok); POST kosong ke /cwmp = 204; REST tanpa token = 401; CORS Console OK.
B24: Console web (:5173) | C24: SIAP | D24: Vite dev server dinyalakan dari sesi ini (HTTP 200). Bila laptop restart/terminal ditutup: jalankan 'npm run dev' di folder frontend.
B26: 3. Risiko yang MASIH TERBUKA (tidak bisa dibuktikan tanpa perangkat fisik) — baca sebelum mulai
B27: Risiko | C27: Tingkat | D27: Penjelasan & tindakan
B28: ONT tidak pernah diuji ke ACS ini | C28: TINGGI | D28: Sampai hari ini ACS belum pernah menerima Inform dari CPE fisik; semua bukti memakai simulator (profil ZTE ada, tapi bukan firmware asli ZTE F609 Telkom). Harapkan kejutan, terutama di pohon parameter, namespace CWMP, dan perilaku Connection Request.
B29: ONT masih terdaftar di ACS produksi Telkom | C29: TINGGI | D29: Akun admin ONT SUDAH tersedia (21 Okt). Tetapi ONT ini saat ini menunjuk ke ACS Telkom (http://acs.telkom.net:9090/web/tr069…, user acs@acs.telkom.net, interval 43200 dtk). Mengubah URL memutus ONT dari ACS Telkom, dan password aslinya tersembunyi (••••••). WAJIB: foto setelan awal + ketahui password aslinya SEBELUM mengubah; pastikan unit ini boleh diputus (unit lab/non-pelanggan). Tanpa itu ONT tak bisa dikembalikan.
B30: IP sumber di balik Docker (NAT) | C30: SEDANG | D30: ACS hanya menyimpan Connection Request URL bila host-nya SAMA dengan IP sumber Inform (anti-SSRF). Pada Docker Desktop, IP sumber bisa terbaca sebagai gateway Docker (172.x) — pernah terlihat 172.21.0.1 untuk koneksi dari host. Bila begitu, CR URL tidak tersimpan dan test Fase D gagal bukan karena ONT. Deteksi: INF-08. Mitigasi: isi manual PATCH /devices/{id} atau jalankan acsd native (acsd.exe).
B31: Firewall & jaringan laptop | C31: SEDANG | D31: Laptop kini di Wi-Fi 'Vpn Dukodu' (172.30.1.220/24, profil Public) — IP BERUBAH dari pagi tadi (sebelumnya 192.168.40.196), jadi ACS URL = http://172.30.1.220:17547/cwmp. ONT (10.0.133.35) terjangkau dari laptop (ping & port 80 OK), tetapi arah SEBALIKNYA (ONT → laptop) belum terbukti: ONT memakai WAN khusus 'TR069' yang belum tentu bisa menjangkau 172.30.1.220. Cek dari menu Diagnosis ONT (PRE-14). Port 58000 (Connection Request) dan 7547 pada ONT tertutup dari laptop — wajar (ZTE biasanya hanya menerima CR dari IP ACS). Rule firewall Docker (Public) ada, belum teruji dari luar.
B32: Tanpa TLS (HTTP polos) | C32: SEDANG | D32: acsd hanya melayani HTTP di :7547 (host: 17547). Jika firmware ONT mewajibkan https:// maka Inform tidak akan masuk; butuh TLS terminator (docker-compose.tls.yml ada tapi belum dilatih). Kredensial Basic Auth terkirim polos — hanya untuk LAN tertutup.
B33: Optik ZTE F609 (TR-098) belum dipetakan | C33: RENDAH (diharapkan) | D33: Mapping optical.* hanya ada untuk TR-181 (Device.Optical.Interface). ZTE F609 memakai TR-098 (InternetGatewayDevice) → tab Redaman Optik KOSONG itu normal, bukan bug. Cari path optik di pohon (RD-01) lalu tambahkan sebagai data mapping.
B34: Data sisa e2e di DB dev | C34: RENDAH | D34: DB dev berisi puluhan tenant/user dari e2e lama (belum dibersihkan atas keputusan pengguna). Buat TENANT BARU khusus UAT (PRE-05); jangan pakai tenant 'Pilot E2E ...'.
B35: Email nyata aktif | C35: RENDAH | D35: SMTP Gmail aktif di acsd: reset password & laporan bug mengirim email sungguhan (ke ACS_BUG_REPORT_EMAIL). Kredensial Gmail yang pernah terekspos belum di-rotate.
B36: Belum di-commit | C36: INFO | D36: Working tree bersih kecuali .claude/settings.json (untracked). HEAD = da8639d (branch dev, sinkron origin). Tidak ada kode yang diubah hari ini.

Sheet Ringkasan
B1: Ringkasan Hasil UAT
B2: Dihitung otomatis dari sheet 'Test Case' (kolom Status). Jangan diisi manual.
B4: Fase | C4: Total | D4: Lulus | E4: Gagal | F4: Blok | G4: Skip/NA | H4: Belum | J4: % selesai | K4: % lulus*
B5: A. Persiapan | C5: =COUNTIF('Test Case'!$B$5:$B$59,B5) | D5: =COUNTIFS('Test Case'!$B$5:$B$59,B5,'Test Case'!$L$5:$L$59,"Lulus") | E5: =COUNTIFS('Test Case'!$B$5:$B$59,B5,'Test Case'!$L$5:$L$59,"Gagal") | F5: =COUNTIFS('Test Case'!$B$5:$B$59,B5,'Test Case'!$L$5:$L$59,"Blok") | G5: =COUNTIFS('Test Case'!$B$5:$B$59,B5,'Test Case'!$L$5:$L$59,"Skip")+COUNTIFS('Test Case'!$B$5:$B$59,B5,'Test Case'!$L$5:$L$59,"N/A") | H5: =COUNTIFS('Test Case'!$B$5:$B$59,B5,'Test Case'!$L$5:$L$59,"Belum") | J5: =IF(C5=0,0,(C5-H5)/C5) | K5: =IF((D5+E5+F5)=0,0,D5/(D5+E5+F5))
B6: B. Koneksi (Inform) | C6: =COUNTIF('Test Case'!$B$5:$B$59,B6) | D6: =COUNTIFS('Test Case'!$B$5:$B$59,B6,'Test Case'!$L$5:$L$59,"Lulus") | E6: =COUNTIFS('Test Case'!$B$5:$B$59,B6,'Test Case'!$L$5:$L$59,"Gagal") | F6: =COUNTIFS('Test Case'!$B$5:$B$59,B6,'Test Case'!$L$5:$L$59,"Blok") | G6: =COUNTIFS('Test Case'!$B$5:$B$59,B6,'Test Case'!$L$5:$L$59,"Skip")+COUNTIFS('Test Case'!$B$5:$B$59,B6,'Test Case'!$L$5:$L$59,"N/A") | H6: =COUNTIFS('Test Case'!$B$5:$B$59,B6,'Test Case'!$L$5:$L$59,"Belum") | J6: =IF(C6=0,0,(C6-H6)/C6) | K6: =IF((D6+E6+F6)=0,0,D6/(D6+E6+F6))
B7: C. Baca-saja | C7: =COUNTIF('Test Case'!$B$5:$B$59,B7) | D7: =COUNTIFS('Test Case'!$B$5:$B$59,B7,'Test Case'!$L$5:$L$59,"Lulus") | E7: =COUNTIFS('Test Case'!$B$5:$B$59,B7,'Test Case'!$L$5:$L$59,"Gagal") | F7: =COUNTIFS('Test Case'!$B$5:$B$59,B7,'Test Case'!$L$5:$L$59,"Blok") | G7: =COUNTIFS('Test Case'!$B$5:$B$59,B7,'Test Case'!$L$5:$L$59,"Skip")+COUNTIFS('Test Case'!$B$5:$B$59,B7,'Test Case'!$L$5:$L$59,"N/A") | H7: =COUNTIFS('Test Case'!$B$5:$B$59,B7,'Test Case'!$L$5:$L$59,"Belum") | J7: =IF(C7=0,0,(C7-H7)/C7) | K7: =IF((D7+E7+F7)=0,0,D7/(D7+E7+F7))
B8: D. Connection Request | C8: =COUNTIF('Test Case'!$B$5:$B$59,B8) | D8: =COUNTIFS('Test Case'!$B$5:$B$59,B8,'Test Case'!$L$5:$L$59,"Lulus") | E8: =COUNTIFS('Test Case'!$B$5:$B$59,B8,'Test Case'!$L$5:$L$59,"Gagal") | F8: =COUNTIFS('Test Case'!$B$5:$B$59,B8,'Test Case'!$L$5:$L$59,"Blok") | G8: =COUNTIFS('Test Case'!$B$5:$B$59,B8,'Test Case'!$L$5:$L$59,"Skip")+COUNTIFS('Test Case'!$B$5:$B$59,B8,'Test Case'!$L$5:$L$59,"N/A") | H8: =COUNTIFS('Test Case'!$B$5:$B$59,B8,'Test Case'!$L$5:$L$59,"Belum") | J8: =IF(C8=0,0,(C8-H8)/C8) | K8: =IF((D8+E8+F8)=0,0,D8/(D8+E8+F8))
B9: E. Tulis (hati-hati) | C9: =COUNTIF('Test Case'!$B$5:$B$59,B9) | D9: =COUNTIFS('Test Case'!$B$5:$B$59,B9,'Test Case'!$L$5:$L$59,"Lulus") | E9: =COUNTIFS('Test Case'!$B$5:$B$59,B9,'Test Case'!$L$5:$L$59,"Gagal") | F9: =COUNTIFS('Test Case'!$B$5:$B$59,B9,'Test Case'!$L$5:$L$59,"Blok") | G9: =COUNTIFS('Test Case'!$B$5:$B$59,B9,'Test Case'!$L$5:$L$59,"Skip")+COUNTIFS('Test Case'!$B$5:$B$59,B9,'Test Case'!$L$5:$L$59,"N/A") | H9: =COUNTIFS('Test Case'!$B$5:$B$59,B9,'Test Case'!$L$5:$L$59,"Belum") | J9: =IF(C9=0,0,(C9-H9)/C9) | K9: =IF((D9+E9+F9)=0,0,D9/(D9+E9+F9))
B10: F. Keamanan & Isolasi | C10: =COUNTIF('Test Case'!$B$5:$B$59,B10) | D10: =COUNTIFS('Test Case'!$B$5:$B$59,B10,'Test Case'!$L$5:$L$59,"Lulus") | E10: =COUNTIFS('Test Case'!$B$5:$B$59,B10,'Test Case'!$L$5:$L$59,"Gagal") | F10: =COUNTIFS('Test Case'!$B$5:$B$59,B10,'Test Case'!$L$5:$L$59,"Blok") | G10: =COUNTIFS('Test Case'!$B$5:$B$59,B10,'Test Case'!$L$5:$L$59,"Skip")+COUNTIFS('Test Case'!$B$5:$B$59,B10,'Test Case'!$L$5:$L$59,"N/A") | H10: =COUNTIFS('Test Case'!$B$5:$B$59,B10,'Test Case'!$L$5:$L$59,"Belum") | J10: =IF(C10=0,0,(C10-H10)/C10) | K10: =IF((D10+E10+F10)=0,0,D10/(D10+E10+F10))
B11: G. Stabilitas & Observasi | C11: =COUNTIF('Test Case'!$B$5:$B$59,B11) | D11: =COUNTIFS('Test Case'!$B$5:$B$59,B11,'Test Case'!$L$5:$L$59,"Lulus") | E11: =COUNTIFS('Test Case'!$B$5:$B$59,B11,'Test Case'!$L$5:$L$59,"Gagal") | F11: =COUNTIFS('Test Case'!$B$5:$B$59,B11,'Test Case'!$L$5:$L$59,"Blok") | G11: =COUNTIFS('Test Case'!$B$5:$B$59,B11,'Test Case'!$L$5:$L$59,"Skip")+COUNTIFS('Test Case'!$B$5:$B$59,B11,'Test Case'!$L$5:$L$59,"N/A") | H11: =COUNTIFS('Test Case'!$B$5:$B$59,B11,'Test Case'!$L$5:$L$59,"Belum") | J11: =IF(C11=0,0,(C11-H11)/C11) | K11: =IF((D11+E11+F11)=0,0,D11/(D11+E11+F11))
B12: H. Pemulihan | C12: =COUNTIF('Test Case'!$B$5:$B$59,B12) | D12: =COUNTIFS('Test Case'!$B$5:$B$59,B12,'Test Case'!$L$5:$L$59,"Lulus") | E12: =COUNTIFS('Test Case'!$B$5:$B$59,B12,'Test Case'!$L$5:$L$59,"Gagal") | F12: =COUNTIFS('Test Case'!$B$5:$B$59,B12,'Test Case'!$L$5:$L$59,"Blok") | G12: =COUNTIFS('Test Case'!$B$5:$B$59,B12,'Test Case'!$L$5:$L$59,"Skip")+COUNTIFS('Test Case'!$B$5:$B$59,B12,'Test Case'!$L$5:$L$59,"N/A") | H12: =COUNTIFS('Test Case'!$B$5:$B$59,B12,'Test Case'!$L$5:$L$59,"Belum") | J12: =IF(C12=0,0,(C12-H12)/C12) | K12: =IF((D12+E12+F12)=0,0,D12/(D12+E12+F12))
B13: TOTAL | C13: =SUM(C5:C12) | D13: =SUM(D5:D12) | E13: =SUM(E5:E12) | F13: =SUM(F5:F12) | G13: =SUM(G5:G12) | H13: =SUM(H5:H12) | J13: =IF(C13=0,0,(C13-H13)/C13) | K13: =IF((D13+E13+F13)=0,0,D13/(D13+E13+F13))
B14: * % lulus = Lulus ÷ (Lulus + Gagal + Blok), hanya dari tes yang sudah dijalankan. Kolom 'Skip/NA' = Skip + N/A.
B16: Keputusan berdasarkan tes P0
B17: P0 total | C17: =COUNTIF('Test Case'!$E$5:$E$59,"P0")
B18: P0 Lulus | C18: =COUNTIFS('Test Case'!$E$5:$E$59,"P0",'Test Case'!$L$5:$L$59,"Lulus")
B19: P0 Gagal/Blok | C19: =COUNTIFS('Test Case'!$E$5:$E$59,"P0",'Test Case'!$L$5:$L$59,"Gagal")+COUNTIFS('Test Case'!$E$5:$E$59,"P0",'Test Case'!$L$5:$L$59,"Blok")
B20: P0 Belum | C20: =COUNTIFS('Test Case'!$E$5:$E$59,"P0",'Test Case'!$L$5:$L$59,"Belum")
B22: Kesimpulan | C22: =IF(C19>0,"TIDAK LULUS — ada tes P0 gagal/terblokir",IF(C20>0,"BELUM SELESAI — masih ada tes P0 belum dijalankan","LULUS — semua tes P0 lulus"))
B24: Catatan: 'LULUS' berarti checklist ini terpenuhi pada ONT/firmware yang diuji — bukan jaminan kompatibilitas untuk semua vendor/firmware lain.

Sheet Info Sesi
B1: Info Sesi & Perangkat
B2: Sel kuning/teks biru = isi manual. ONT uji: ZTE F609 (web admin http://10.0.133.35/start.ghtml, akun admin tersedia). Kredensial & kunci WiFi sengaja tidak dicatat di sini.
B4: SESI
B5: Tanggal | C5: 2026-10-21 | D5: Mulai uji 10.00 WIB
B6: Penguji — Software Engineer | D6: Nama
B7: Penguji — Network Engineer | D7: Nama
B8: Pemilik/penanggung jawab ONT | D8: Yang boleh menyetujui tes ber-dampak (Fase E)
B9: Lokasi uji
B10: SERVER ACS
B11: Versi kode (commit) | C11: da8639d (branch dev) | D11: git log -1 --oneline
B12: Versi skema DB | C12: 34 | D12: tabel schema_migrations
B13: IP laptop/server ACS di jaringan ONT | C13: 172.30.1.220 | D13: Terbaca 21 Okt (Wi-Fi 'Vpn Dukodu'); pagi tadi 192.168.40.196 → IP BERUBAH. Verifikasi ulang dgn ipconfig & jangan pindah jaringan selama uji.
B14: ACS URL untuk ONT | C14: http://172.30.1.220:17547/cwmp | D14: Format: http://<IP>:17547/cwmp (17547 = port host → 7547 di container)
B15: Console web | C15: http://localhost:5173 | D15: REST API: http://localhost:18080/api/v1
B16: Nama tenant pilot UAT | D16: Buat BARU, mis. 'UAT ONT 2026-10-21' (PRE-05)
B17: Username CWMP tenant | D17: Dari tombol 'Kredensial CWMP' di Administration > Tenants. JANGAN tulis password di file ini.
B18: PERANGKAT UJI (ONT)
B19: Merek / model | C19: ZTE F609 | D19: Header web admin ONT (Telkom). Catat ProductClass persis dari Inform.
B20: Firmware (software version) | D20: Isi dari GUI ONT: Status > Device Information
B21: Hardware version | D21: Isi dari GUI ONT: Status > Device Information
B22: Serial number | D22: Isi dari label / GUI ONT; dipakai mencocokkan device di Console
B23: MAC / OUI | D23: Isi MAC dari label. Katalog ZTE punya 503 blok OUI; OUI di DeviceId TR-069 bisa berbeda dari OUI MAC.
B24: IP web admin ONT | C24: 10.0.133.35 | D24: http://10.0.133.35/start.ghtml (dari laptop: ping & port 80 OK)
B25: IP WAN ONT (saat uji) | D25: Isi — penting untuk INF-08 / CR-01
B26: Akun admin ONT tersedia? | C26: Ya | D26: Menu Administration > TR-069 > Basic terbuka
B27: Setelan TR-069 ONT SEBELUM diubah | C27: WAN Connection=TR069 · ACS URL http://acs.telkom.net:9090/web/tr06… (terpotong, ambil lengkap) · user acs@acs.telkom.net · CR user 'acs' · Periodic Inform ON, 43200 dtk · CR URL tampil http://0.0.0.0:58000/… | D27: Dari screenshot 21 Okt. Password ACS & CR TERSEMBUNYI — wajib diketahui untuk rollback (INF-01 / RST-01).
B28: Pembanding optik (dari GUI ONT) | D28: Isi TX/RX dBm dari GUI ONT (Status > PON) untuk dibandingkan bila ACS kelak membaca nilai optik
B29: Cadangan akses Internet | D29: Hotspot HP disiapkan? (disarankan, selama ONT melayani Internet)

Sheet Test Case
A1: Test Case — UAT Pengujian Langsung ONT
A2: SE = Software Engineer · NE = Network Engineer · P0 wajib lulus · Status default 'Belum'. Perintah memakai PowerShell/Bash dari folder proyek D:\Me\Projects\acs; <IP-ACS> = IP laptop (lihat Info Sesi).
A4: ID | B4: Fase | C4: Test Case | D4: Peran | E4: Prio | F4: Dampak ke ONT | G4: Prasyarat | H4: Langkah | I4: Hasil yang diharapkan | J4: Cara verifikasi / perintah | K4: Hasil aktual | L4: Status | M4: Bukti (file) | N4: Catatan | O4: Penguji | P4: Jam
A5: PRE-01 | B5: A. Persiapan | C5: Stack Docker hidup & sehat | D5: SE | E5: P0 | F5: Tidak ada | G5: Docker Desktop berjalan | H5: 1) Jalankan docker compose ps. 2) Pastikan mariadb, redis, minio, acsd berstatus Up (healthy). | I5: 4 container Up; acsd & mariadb & redis 'healthy'. | J5: docker compose ps (Docker Desktop mati → buka dulu; container restart sendiri) | L5: Belum
A6: PRE-02 | B6: A. Persiapan | C6: Health endpoint ACS | D6: SE | E6: P0 | F6: Tidak ada | G6: PRE-01 lulus | H6: 1) Buka /readyz di port 18080. 2) Kirim POST kosong ke port CWMP 17547. | I6: /readyz → 200 {database:ok, redis:ok}. POST kosong /cwmp → 204 dengan header X-Ratelimit-Limit. | J6: curl -i http://localhost:18080/readyz curl -i -X POST http://localhost:17547/cwmp | L6: Belum
A7: PRE-03 | B7: A. Persiapan | C7: Versi kode & skema sesuai | D7: SE | E7: P1 | F7: Tidak ada | G7: PRE-01 lulus | H7: 1) Catat commit: git log -1 --oneline. 2) Cek versi migrasi DB. 3) Catat di sheet Info Sesi. | I7: Commit da8639d; schema_migrations version = 34, dirty = 0. | J7: git log -1 --oneline docker compose exec mariadb sh -c 'mariadb -uacs -p"$MARIADB_PASSWORD" acs -e "select * from schema_migrations"' | L7: Belum
A8: PRE-04 | B8: A. Persiapan | C8: Console web terbuka & login berhasil | D8: SE | E8: P0 | F8: Tidak ada | G8: Vite dev server berjalan (:5173) | H8: 1) Buka http://localhost:5173. 2) Login dengan akun SUPERADMIN/ADMIN. 3) Buka Dashboard. | I8: Halaman login tampil, login berhasil, Dashboard tanpa banner galat; DevTools Console tanpa error merah. | J8: Browser + F12 > Console. Bila mati: cd frontend; npm run dev | L8: Belum
A9: PRE-05 | B9: A. Persiapan | C9: Buat tenant pilot UAT baru | D9: SE | E9: P0 | F9: Tidak ada | G9: Login SUPERADMIN | H9: 1) Administration > Tenants > tambah tenant baru (mis. 'UAT ONT 2026-10-21'). 2) JANGAN pakai tenant 'Pilot E2E ...' sisa e2e. 3) Catat nama di Info Sesi. | I9: Tenant baru muncul di daftar; Devices untuk tenant ini kosong. | J9: Console: Administration > Tenants | L9: Belum
A10: PRE-06 | B10: A. Persiapan | C10: Set kredensial CWMP tenant | D10: SE | E10: P0 | F10: Tidak ada | G10: PRE-05 lulus | H10: 1) Tombol 'Kredensial CWMP' pada baris tenant. 2) Set username & password Inform (kuat, tanpa spasi/karakter aneh). 3) Simpan di tempat aman (bukan di workbook ini). | I10: Kredensial tersimpan; dipakai untuk mengisi ACS Username/Password di ONT. | J10: Console: Tenants > Kredensial CWMP | L10: Belum
A11: PRE-07 | B11: A. Persiapan | C11: Backup database sebelum uji | D11: SE | E11: P0 | F11: Tidak ada | G11: PRE-01 lulus | H11: 1) Jalankan mariadb-dump ke file bertanggal. 2) Pastikan ukuran file > 0. | I11: File backup_sebelum_uji_YYYYMMDD.sql terbuat (> 0 KB). | J11: docker compose exec mariadb sh -c 'mariadb-dump -uacs -p"$MARIADB_PASSWORD" acs' > backup_sebelum_uji_20261021.sql | L11: Belum
A12: PRE-08 | B12: A. Persiapan | C12: IP laptop stabil & firewall mengizinkan TCP 17547 | D12: NE | E12: P0 | F12: Tidak ada | G12: Laptop di segmen yang sama dengan ONT | H12: 1) ipconfig → catat IP laptop pada jaringan ONT. 2) Pastikan tidak berubah (reservasi DHCP/statik). 3) Matikan/exclude VPN (ProtonVPN aktif) agar trafik LAN tak dialihkan. 4) Pastikan Windows Firewall mengizinkan inbound TCP 17547 pada profil jaringan aktif (Public). | I12: IP tercatat di Info Sesi; rule inbound untuk port 17547 / com.docker.backend.exe aktif pada profil yang dipakai. | J12: ipconfig Get-NetFirewallRule -Enabled True -Direction Inbound | Get-NetFirewallPortFilter | ? LocalPort -match 17547 | L12: Belum
A13: PRE-09 | B13: A. Persiapan | C13: Gladi jangkauan dari segmen ONT (tanpa ONT) | D13: NE | E13: P0 | F13: Tidak ada | G13: PRE-08 lulus; satu perangkat lain di LAN yang sama dengan ONT | H13: 1) Dari perangkat LAIN (bukan laptop ACS) di segmen ONT: POST kosong ke http://<IP-ACS>:17547/cwmp. 2) Cek kode balasan. | I13: HTTP 204. Bila timeout/refused → routing/firewall belum benar; perbaiki SEBELUM menyentuh ONT. | J13: curl -i -X POST http://<IP-ACS>:17547/cwmp (PowerShell: (Invoke-WebRequest -Method Post -UseBasicParsing http://<IP-ACS>:17547/cwmp).StatusCode) | L13: Belum
A14: PRE-10 | B14: A. Persiapan | C14: Gladi Inform dengan simulator + kredensial tenant | D14: SE+NE | E14: P1 | F14: Tidak ada | G14: PRE-06 & PRE-09 lulus | H14: 1) Jalankan simulator dari mesin di segmen ONT: bin\cpesim.exe -acs http://<IP-ACS>:17547/cwmp -user <u> -pass <p> -vendor zte -serial GLADI-001 -events "0 BOOTSTRAP" -v 2) Lihat Devices (scope tenant pilot). 3) Hapus device GLADI-001 sesudahnya. | I14: Simulator mencetak [OK] ... inform=200; GLADI-001 muncul dengan event 0 BOOTSTRAP. Kredensial salah → 401. | J14: bin\cpesim.exe sudah dibangun (Windows). Console: Devices | L14: Belum
A15: PRE-11 | B15: A. Persiapan | C15: Gladi Connection Request balik (ACS → segmen ONT) | D15: SE+NE | E15: P1 | F15: Tidak ada | G15: PRE-10 lulus | H15: 1) cpesim ... -serial GLADI-002 -conn-req -cr-host <IP-mesin-simulator> -cr-port 7548 (biarkan berjalan). 2) Device Detail GLADI-002 → Connection Request. 3) Hapus device uji setelahnya. | I15: cpesim mencetak '[conn-req -> Inform]'; muncul sesi baru event 6 CONNECTION REQUEST. Gagal = port balik diblok firewall/NAT (akan menimpa ONT asli juga). | J15: Console: Device Detail > Connection Request | L15: Belum
A16: PRE-12 | B16: A. Persiapan | C16: OUI ONT (ZTE) ada di katalog | D16: SE | E16: P1 | F16: Tidak ada | G16: Login ADMIN | H16: 1) Catalog > Vendors > ZTE > OUI. 2) Cari 6 hex pertama MAC ONT (label perangkat). | I16: OUI terdaftar untuk ZTE (seed IEEE migrasi 0022). Bila tak ada → tambah di Catalog sebelum Inform pertama. | J16: Console: Catalog | L16: Belum
... A59: RST-03 | B59: H. Pemulihan | C59: Kumpulkan bukti & isi laporan | D59: SE+NE | E59: P0 | F59: Tidak ada | G59: Uji selesai | H59: 1) Simpan log acsd, screenshot, ekspor parameter. 2) Lengkapi sheet Parameter TR-069 & Temuan. 3) Cek sheet Ringkasan. | I59: Semua Status terisi (tidak ada 'Belum' tanpa alasan); temuan terdokumentasi. | J59: Sheet Ringkasan | L59: Belum

Sheet Parameter TR-069
A1: Pencatatan Parameter TR-069 — ONT vs ACS
A2: Isi 'Path asli' dari pohon (RD-01) dan 'Nilai di ACS'. 'Nilai pembanding' = hasil baca GUI ONT (isi sendiri; kunci WiFi/kredensial TIDAK dicatat). Kolom 'Cocok?' otomatis (perbandingan teks; untuk angka optik nilai toleransi dinilai manual).
A4: Logical key (ACS) | B4: Path TR-069 asli (dari pohon) | C4: Nilai di ACS | D4: Nilai pembanding (GUI ONT) | E4: Cocok? | F4: Catatan / kebutuhan mapping baru
A5: device.manufacturer | D5: ZTE | E5: =IF(OR(C5="",D5=""),"",IF(TRIM(C5)=TRIM(D5),"Cocok","Beda"))
A6: device.model_name | D6: F609 | E6: =IF(OR(C6="",D6=""),"",IF(TRIM(C6)=TRIM(D6),"Cocok","Beda"))
A7: device.serial_number | E7: =IF(OR(C7="",D7=""),"",IF(TRIM(C7)=TRIM(D7),"Cocok","Beda")) | F7: Isi dari GUI ONT
A8: device.hardware_version | E8: =IF(OR(C8="",D8=""),"",IF(TRIM(C8)=TRIM(D8),"Cocok","Beda")) | F8: Isi dari GUI ONT
A9: device.software_version | E9: =IF(OR(C9="",D9=""),"",IF(TRIM(C9)=TRIM(D9),"Cocok","Beda")) | F9: Isi dari GUI ONT
A10: device.uptime | E10: =IF(OR(C10="",D10=""),"",IF(TRIM(C10)=TRIM(D10),"Cocok","Beda")) | F10: Bandingkan dengan 'Up time' di GUI ONT (selisih kecil wajar)
A11: device.periodic_inform_interval | D11: 300 | E11: =IF(OR(C11="",D11=""),"",IF(TRIM(C11)=TRIM(D11),"Cocok","Beda")) | F11: Awal 43200 (Telkom); diubah ke 300 saat uji, kembalikan di RST-01
A12: device.connection_request_url | E12: =IF(OR(C12="",D12=""),"",IF(TRIM(C12)=TRIM(D12),"Cocok","Beda")) | F12: Host harus = IP WAN ONT (INF-08)
A13: wifi.ssid | E13: =IF(OR(C13="",D13=""),"",IF(TRIM(C13)=TRIM(D13),"Cocok","Beda")) | F13: Isi SSID dari GUI. Catat WLANConfiguration.1 = 2.4G / 5G?
A14: wan.pppoe.username | E14: =IF(OR(C14="",D14=""),"",IF(TRIM(C14)=TRIM(D14),"Cocok","Beda")) | F14: Kosong/9005 bila mode bridge atau DHCP — catat
A15: optical.tx_power (belum dipetakan TR-098) | E15: =IF(OR(C15="",D15=""),"",IF(TRIM(C15)=TRIM(D15),"Cocok","Beda")) | F15: Cari path X_ZTE-COM_*/Optical di pohon; skala satuan (0,001 dBm?)
A16: optical.rx_power (belum dipetakan TR-098) | E16: =IF(OR(C16="",D16=""),"",IF(TRIM(C16)=TRIM(D16),"Cocok","Beda")) | F16: Idem
A17: optik: suhu (tidak ada logical key) | E17: =IF(OR(C17="",D17=""),"",IF(TRIM(C17)=TRIM(D17),"Cocok","Beda")) | F17: Opsional
A18: optik: tegangan (tidak ada logical key) | E18: =IF(OR(C18="",D18=""),"",IF(TRIM(C18)=TRIM(D18),"Cocok","Beda")) | F18: Opsional
A19: optik: bias (tidak ada logical key) | E19: =IF(OR(C19="",D19=""),"",IF(TRIM(C19)=TRIM(D19),"Cocok","Beda")) | F19: Opsional
A20: Data model root | E20: =IF(OR(C20="",D20=""),"",IF(TRIM(C20)=TRIM(D20),"Cocok","Beda")) | F20: InternetGatewayDevice.* (TR-098) atau Device.* (TR-181)
A21: Namespace CWMP di Inform | E21: =IF(OR(C21="",D21=""),"",IF(TRIM(C21)=TRIM(D21),"Cocok","Beda")) | F21: Simulator mengasumsikan cwmp-1-0; catat yang dikirim firmware F609 (Telkom)
A22: Jumlah parameter terbaca (Refresh) | E22: =IF(OR(C22="",D22=""),"",IF(TRIM(C22)=TRIM(D22),"Cocok","Beda")) | F22: Dari RD-01

Sheet Temuan
A1: Log Temuan (Bug / Gap / Konfigurasi)
A2: Satu baris per temuan. Baris 'CONTOH' hanya ilustrasi format — hapus atau biarkan. Cek sheet 'Batasan Diketahui' dulu sebelum menandai sesuatu 'Bug ACS'.
A4: ID | B4: Test Case terkait | C4: Severity | D4: Kategori | E4: Ringkasan | F4: Langkah reproduksi | G4: Aktual vs diharapkan | H4: Bukti (file/log) | I4: Pemilik | J4: Status | K4: Catatan tindak lanjut
A5: CONTOH-1 | B5: RD-03 | C5: Sedang | D5: Mapping / Firmware CPE | E5: wan.pppoe.username Fault 9005 pada ZTE F609 | F5: 1) Device Detail > Get Parameter wan.pppoe.username 2) Lihat task FAILED | G5: Diharapkan: nilai username. Aktual: Fault 9005 — ONT mode bridge, tidak ada WANPPPConnection. | H5: RD-03.png; acsd_uat.log | I5: SE | J5: Terbuka | K5: Tambah mapping per device_model_id setelah path WAN diverifikasi.
A6: T-01
A7: T-02
A8: T-03
A9: T-04
A10: T-05
A11: T-06
A12: T-07
A13: T-08
A14: T-09
A15: T-10
A16: T-11
A17: T-12
... A34: T-29

Sheet Batasan Diketahui
A1: Batasan yang Sudah Diketahui — jangan dianggap bug baru
A3: # | B3: Batasan | C3: Dampak di lapangan | D3: Sikap saat ditemui
A4: 1 | B4: ACS belum pernah menerima Inform dari CPE fisik; semua bukti dari simulator. | C4: Perilaku firmware nyata (namespace, urutan RPC, kuirk) bisa berbeda. | D4: Catat apa adanya; ini justru tujuan UAT.
A5: 2 | B5: Pohon parameter & path optik TR-098 ZTE F609 (firmware Telkom) belum teramati; mapping optik hanya TR-181 standar. | C5: Tab Redaman Optik kosong untuk F609. | D5: Diharapkan. Temukan path di RD-01 → tambah mapping sebagai DATA (bukan kode).
A6: 3 | B6: ACS hanya HTTP polos di :7547 (host 17547); tidak ada TLS. | C6: ONT yang mewajibkan https:// tidak akan Inform. Kredensial Basic terkirim polos. | D6: Hanya untuk LAN tertutup. Bila perlu TLS: pakai docker-compose.tls.yml / reverse proxy (belum dilatih).
A7: 4 | B7: Connection Request URL hanya disimpan bila host == IP sumber Inform (anti-SSRF). | C7: Di Docker Desktop IP sumber bisa 172.x → CR URL tak tersimpan. | D7: Isi manual lewat PATCH /devices/{id} (CR-05) atau jalankan acsd native.
A8: 5 | B8: Semua nilai SetParameterValues dikirim sebagai xsd:string. | C8: Firmware ketat bisa menolak boolean/angka dengan Fault 9006/9007. | D8: Catat parameter+model+firmware (WR-05); perbaikan = tipe per-parameter.
A9: 6 | B9: Rate limiter CWMP 5 req/s per IP (in-memory). | C9: Beberapa CPE di balik satu IP (atau NAT Docker) bisa memicu 429. | D9: Nyalakan unit bergantian; jangan simpulkan gagal dari satu 429.
A10: 7 | B10: Fallback UDP/STUN (TR-111) belum teruji pada CGNAT nyata. | C10: CR gagal untuk ONT di balik NAT berlapis. | D10: Catat; bukan bug otomatis.
A11: 8 | B11: Sesi CWMP tanpa POST-kosong penutup menjadi TIMEOUT setelah 15 menit. | C11: Banyak sesi TIMEOUT di daftar sesi. | D11: Normal.
A12: 9 | B12: ONT tanpa dukungan cookie sesi (acs_session) tidak menerima task. | C12: Inform sukses tapi task tak pernah terkirim, sesi langsung 204. | D12: Cek apakah ONT mengirim header Cookie pada POST kedua.
A13: 10 | B13: Preset 'enforce' & ZTP EVERY_INFORM mengantre Set otomatis tiap Inform. | C13: Task muncul sendiri bila preset ada. | D13: Di tenant UAT bersih tidak ada preset; jangan buat preset enforce saat uji.
A14: 11 | B14: Kolom 'model' kosong sampai product_class didaftarkan persis. | C14: Device terdeteksi vendor-nya tapi model kosong. | D14: Daftarkan model di Catalog setelah Inform pertama menunjukkan ProductClass.
A15: 12 | B15: Firmware upgrade ke perangkat fisik BELUM pernah diuji. | C15: Risiko brick. | D15: JANGAN diuji hari ini.
... A17: 14 | B17: Billing/Xendit mati (bawaan), self-signup mati. | C17: Menu/endpoint billing menjawab 409/404. | D17: Di luar lingkup UAT ONT.
B19: JANGAN diuji pada ONT yang melayani Internet / produksi:
B20: • Factory Reset
B21: • Firmware upgrade / Download
B22: • Push kredensial PPPoE pelanggan asli
B23: • Aksi massal ke banyak device sekaligus

Sheet Troubleshooting
A1: Gejala di Lapangan → Penyebab → Tindakan (urut dari yang paling cepat dicek)
A3: Gejala | B3: Kemungkinan penyebab | C3: Cek / tindakan
A4: ONT tidak pernah muncul di Devices; tidak ada Inform di log | B4: Jalur jaringan / ACS URL salah; firewall; VPN; IP laptop berubah | C4: Ulangi PRE-09 dari segmen ONT; cek ACS URL (http, IP, port 17547, path /cwmp); ipconfig; reboot ONT untuk memicu 1 BOOT; docker logs acs-acsd-1 --since 10m
A5: Log ONT: HTTP 401 | B5: Username/password di ONT ≠ kredensial CWMP tenant | C5: Samakan dengan 'Kredensial CWMP' tenant UAT; periksa spasi/karakter khusus
A6: Log ONT: HTTP 429 / kadang berhasil kadang tidak | B6: Rate limiter 5 req/s per IP | C6: Nyalakan bergantian; tunggu retry; bukan bug baru
A7: ONT mengeluh sertifikat / butuh https | B7: ACS hanya HTTP | C7: Butuh TLS terminator (docker-compose.tls.yml); tanya tim network
A8: Device muncul, vendor 'belum diketahui' | B8: OUI belum di katalog / OUI DeviceId ≠ OUI MAC | C8: Tambah OUI lewat Catalog Vendor → Inform berikutnya sembuh otomatis
A9: Vendor benar tetapi model kosong | B9: Belum ada device_models dengan product_class persis | C9: Lihat ProductClass di Device Detail → daftarkan model
A10: Task COMPLETED tetapi nilai di ONT tak berubah | B10: ONT hanya ACK; butuh reboot/apply; atau path mapping salah | C10: Cek dari sisi ONT (WR-01); catat path & firmware
A11: Task FAILED Fault 9005 | B11: Path tidak ada di firmware itu | C11: Catat model+firmware; tambah mapping per device_model_id
A12: Task FAILED Fault 9006/9007 | B12: Tipe/nilai tidak valid (ACS kirim xsd:string) | C12: Catat parameter; butuh tipe per-parameter
A13: Connection Request gagal | B13: ONT di NAT/CGNAT; firewall blok port balik; CR URL tak tersimpan (Docker NAT); kredensial CR salah | C13: INF-08 → CR-01/CR-05; PRE-11; log ONT; coba curl -i ke ConnectionRequestURL untuk melihat WWW-Authenticate
A14: UI: 'device menolak connection request' | B14: ONT membalas 401 (username/password CR kosong atau salah) | C14: Isi connection_request_username/password sesuai ONT (CR-01)
... A20: Docker: 'cannot connect to daemon' | B20: Docker Desktop belum nyala | C20: Buka Docker Desktop, tunggu ±1 menit; container restart sendiri
